MutantNo,Status
1,NOT_CONFIRMED
10,NOT_CONFIRMED
100,NOT_CONFIRMED
101,NOT_CONFIRMED
102,NOT_CONFIRMED
103,NOT_CONFIRMED
104,NOT_CONFIRMED
105,NOT_CONFIRMED
106,NOT_CONFIRMED
107,NOT_CONFIRMED
108,NOT_CONFIRMED
109,NOT_CONFIRMED
11,NOT_CONFIRMED
110,NOT_CONFIRMED
111,NOT_CONFIRMED
112,NOT_CONFIRMED
113,NOT_CONFIRMED
114,NOT_CONFIRMED
115,NOT_CONFIRMED
116,NOT_CONFIRMED
117,NOT_CONFIRMED
118,NOT_CONFIRMED
119,NOT_CONFIRMED
12,NOT_CONFIRMED
120,NOT_CONFIRMED
121,NOT_CONFIRMED
122,NOT_CONFIRMED
123,NOT_CONFIRMED
124,NOT_CONFIRMED
125,NOT_CONFIRMED
126,NOT_CONFIRMED
127,NOT_CONFIRMED
128,NOT_CONFIRMED
129,NOT_CONFIRMED
13,NOT_CONFIRMED
130,NOT_CONFIRMED
131,NOT_CONFIRMED
132,NOT_CONFIRMED
133,NOT_CONFIRMED
134,NOT_CONFIRMED
135,NOT_CONFIRMED
136,NOT_CONFIRMED
137,NOT_CONFIRMED
138,NOT_CONFIRMED
139,NOT_CONFIRMED
14,NOT_CONFIRMED
140,NOT_CONFIRMED
141,NOT_CONFIRMED
142,NOT_CONFIRMED
143,NOT_CONFIRMED
144,NOT_CONFIRMED
145,NOT_CONFIRMED
146,NOT_CONFIRMED
147,NOT_CONFIRMED
148,NOT_CONFIRMED
149,NOT_CONFIRMED
15,NOT_CONFIRMED
150,NOT_CONFIRMED
151,NOT_CONFIRMED
152,NOT_CONFIRMED
153,NOT_CONFIRMED
154,NOT_CONFIRMED
155,NOT_CONFIRMED
156,NOT_CONFIRMED
157,NOT_CONFIRMED
158,NOT_CONFIRMED
159,NOT_CONFIRMED
16,NOT_CONFIRMED
160,NOT_CONFIRMED
161,NOT_CONFIRMED
162,NOT_CONFIRMED
163,NOT_CONFIRMED
164,NOT_CONFIRMED
165,NOT_CONFIRMED
166,NOT_CONFIRMED
167,NOT_CONFIRMED
168,NOT_CONFIRMED
169,NOT_CONFIRMED
17,NOT_CONFIRMED
170,NOT_CONFIRMED
171,NOT_CONFIRMED
172,NOT_CONFIRMED
173,NOT_CONFIRMED
174,NOT_CONFIRMED
175,NOT_CONFIRMED
176,NOT_CONFIRMED
177,NOT_CONFIRMED
178,NOT_CONFIRMED
179,NOT_CONFIRMED
18,NOT_CONFIRMED
180,NOT_CONFIRMED
181,NOT_CONFIRMED
182,NOT_CONFIRMED
183,NOT_CONFIRMED
184,NOT_CONFIRMED
185,NOT_CONFIRMED
186,NOT_CONFIRMED
187,NOT_CONFIRMED
188,NOT_CONFIRMED
189,NOT_CONFIRMED
19,NOT_CONFIRMED
190,NOT_CONFIRMED
191,NOT_CONFIRMED
192,NOT_CONFIRMED
193,NOT_CONFIRMED
194,NOT_CONFIRMED
195,NOT_CONFIRMED
196,NOT_CONFIRMED
197,NOT_CONFIRMED
198,NOT_CONFIRMED
199,NOT_CONFIRMED
2,NOT_CONFIRMED
20,NOT_CONFIRMED
200,NOT_CONFIRMED
201,NOT_CONFIRMED
202,NOT_CONFIRMED
203,NOT_CONFIRMED
204,NOT_CONFIRMED
205,NOT_CONFIRMED
206,NOT_CONFIRMED
207,NOT_CONFIRMED
208,NOT_CONFIRMED
209,NOT_CONFIRMED
21,NOT_CONFIRMED
210,NOT_CONFIRMED
211,NOT_CONFIRMED
212,NOT_CONFIRMED
213,NOT_CONFIRMED
214,NOT_CONFIRMED
215,NOT_CONFIRMED
216,NOT_CONFIRMED
217,NOT_CONFIRMED
218,NOT_CONFIRMED
219,NOT_CONFIRMED
22,NOT_CONFIRMED
220,NOT_CONFIRMED
221,NOT_CONFIRMED
222,NOT_CONFIRMED
223,NOT_CONFIRMED
224,NOT_CONFIRMED
225,NOT_CONFIRMED
226,NOT_CONFIRMED
227,NOT_CONFIRMED
228,NOT_CONFIRMED
229,NOT_CONFIRMED
23,NOT_CONFIRMED
230,NOT_CONFIRMED
231,NOT_CONFIRMED
232,NOT_CONFIRMED
233,NOT_CONFIRMED
234,NOT_CONFIRMED
235,NOT_CONFIRMED
236,NOT_CONFIRMED
237,NOT_CONFIRMED
238,NOT_CONFIRMED
239,NOT_CONFIRMED
24,NOT_CONFIRMED
240,NOT_CONFIRMED
241,NOT_CONFIRMED
242,NOT_CONFIRMED
243,NOT_CONFIRMED
244,NOT_CONFIRMED
245,NOT_CONFIRMED
246,NOT_CONFIRMED
247,NOT_CONFIRMED
248,NOT_CONFIRMED
249,NOT_CONFIRMED
25,NOT_CONFIRMED
250,NOT_CONFIRMED
251,NOT_CONFIRMED
252,NOT_CONFIRMED
253,NOT_CONFIRMED
254,NOT_CONFIRMED
255,NOT_CONFIRMED
256,NOT_CONFIRMED
257,NOT_CONFIRMED
258,NOT_CONFIRMED
259,NOT_CONFIRMED
26,NOT_CONFIRMED
260,NOT_CONFIRMED
261,NOT_CONFIRMED
262,NOT_CONFIRMED
263,NOT_CONFIRMED
264,NOT_CONFIRMED
265,NOT_CONFIRMED
266,NOT_CONFIRMED
267,NOT_CONFIRMED
268,NOT_CONFIRMED
269,NOT_CONFIRMED
27,NOT_CONFIRMED
270,NOT_CONFIRMED
271,NOT_CONFIRMED
272,NOT_CONFIRMED
273,NOT_CONFIRMED
274,NOT_CONFIRMED
275,NOT_CONFIRMED
276,NOT_CONFIRMED
277,NOT_CONFIRMED
278,NOT_CONFIRMED
279,NOT_CONFIRMED
28,NOT_CONFIRMED
280,NOT_CONFIRMED
281,NOT_CONFIRMED
282,NOT_CONFIRMED
283,NOT_CONFIRMED
284,NOT_CONFIRMED
285,NOT_CONFIRMED
286,NOT_CONFIRMED
287,NOT_CONFIRMED
288,NOT_CONFIRMED
289,NOT_CONFIRMED
29,NOT_CONFIRMED
290,NOT_CONFIRMED
291,NOT_CONFIRMED
292,NOT_CONFIRMED
293,NOT_CONFIRMED
294,NOT_CONFIRMED
295,NOT_CONFIRMED
296,NOT_CONFIRMED
297,NOT_CONFIRMED
298,NOT_CONFIRMED
299,NOT_CONFIRMED
3,NOT_CONFIRMED
30,NOT_CONFIRMED
300,NOT_CONFIRMED
301,NOT_CONFIRMED
302,NOT_CONFIRMED
303,NOT_CONFIRMED
304,NOT_CONFIRMED
305,NOT_CONFIRMED
306,NOT_CONFIRMED
307,NOT_CONFIRMED
308,NOT_CONFIRMED
309,NOT_CONFIRMED
31,NOT_CONFIRMED
310,NOT_CONFIRMED
311,NOT_CONFIRMED
312,NOT_CONFIRMED
313,NOT_CONFIRMED
314,NOT_CONFIRMED
315,NOT_CONFIRMED
316,NOT_CONFIRMED
317,NOT_CONFIRMED
318,NOT_CONFIRMED
319,NOT_CONFIRMED
32,NOT_CONFIRMED
320,NOT_CONFIRMED
321,NOT_CONFIRMED
322,NOT_CONFIRMED
323,NOT_CONFIRMED
324,NOT_CONFIRMED
325,NOT_CONFIRMED
326,NOT_CONFIRMED
327,NOT_CONFIRMED
328,NOT_CONFIRMED
329,NOT_CONFIRMED
33,NOT_CONFIRMED
330,NOT_CONFIRMED
331,NOT_CONFIRMED
332,NOT_CONFIRMED
333,NOT_CONFIRMED
334,NOT_CONFIRMED
335,NOT_CONFIRMED
336,NOT_CONFIRMED
337,NOT_CONFIRMED
338,NOT_CONFIRMED
339,NOT_CONFIRMED
34,NOT_CONFIRMED
340,NOT_CONFIRMED
341,NOT_CONFIRMED
342,NOT_CONFIRMED
343,NOT_CONFIRMED
344,NOT_CONFIRMED
345,NOT_CONFIRMED
346,NOT_CONFIRMED
347,NOT_CONFIRMED
348,NOT_CONFIRMED
349,NOT_CONFIRMED
35,NOT_CONFIRMED
350,NOT_CONFIRMED
351,NOT_CONFIRMED
352,NOT_CONFIRMED
353,NOT_CONFIRMED
354,NOT_CONFIRMED
355,NOT_CONFIRMED
356,NOT_CONFIRMED
357,NOT_CONFIRMED
358,NOT_CONFIRMED
359,NOT_CONFIRMED
36,NOT_CONFIRMED
360,NOT_CONFIRMED
361,NOT_CONFIRMED
362,NOT_CONFIRMED
363,NOT_CONFIRMED
364,NOT_CONFIRMED
365,NOT_CONFIRMED
366,NOT_CONFIRMED
367,NOT_CONFIRMED
368,NOT_CONFIRMED
369,NOT_CONFIRMED
37,NOT_CONFIRMED
370,NOT_CONFIRMED
371,NOT_CONFIRMED
372,NOT_CONFIRMED
373,NOT_CONFIRMED
374,NOT_CONFIRMED
375,NOT_CONFIRMED
376,NOT_CONFIRMED
377,NOT_CONFIRMED
378,NOT_CONFIRMED
379,NOT_CONFIRMED
38,NOT_CONFIRMED
380,NOT_CONFIRMED
381,NOT_CONFIRMED
382,NOT_CONFIRMED
383,NOT_CONFIRMED
384,NOT_CONFIRMED
385,NOT_CONFIRMED
386,NOT_CONFIRMED
387,NOT_CONFIRMED
388,NOT_CONFIRMED
389,NOT_CONFIRMED
39,NOT_CONFIRMED
390,NOT_CONFIRMED
391,NOT_CONFIRMED
392,NOT_CONFIRMED
393,NOT_CONFIRMED
394,NOT_CONFIRMED
395,NOT_CONFIRMED
396,NOT_CONFIRMED
397,NOT_CONFIRMED
398,NOT_CONFIRMED
399,NOT_CONFIRMED
4,NOT_CONFIRMED
40,NOT_CONFIRMED
400,NOT_CONFIRMED
401,NOT_CONFIRMED
402,NOT_CONFIRMED
403,NOT_CONFIRMED
404,NOT_CONFIRMED
405,NOT_CONFIRMED
406,NOT_CONFIRMED
407,NOT_CONFIRMED
408,NOT_CONFIRMED
409,NOT_CONFIRMED
41,NOT_CONFIRMED
410,NOT_CONFIRMED
411,NOT_CONFIRMED
412,NOT_CONFIRMED
413,NOT_CONFIRMED
414,NOT_CONFIRMED
415,NOT_CONFIRMED
416,NOT_CONFIRMED
417,NOT_CONFIRMED
418,NOT_CONFIRMED
419,NOT_CONFIRMED
42,NOT_CONFIRMED
420,NOT_CONFIRMED
421,NOT_CONFIRMED
422,NOT_CONFIRMED
423,NOT_CONFIRMED
424,NOT_CONFIRMED
425,NOT_CONFIRMED
426,NOT_CONFIRMED
427,NOT_CONFIRMED
428,NOT_CONFIRMED
429,NOT_CONFIRMED
43,NOT_CONFIRMED
430,NOT_CONFIRMED
431,NOT_CONFIRMED
432,NOT_CONFIRMED
433,NOT_CONFIRMED
434,NOT_CONFIRMED
435,NOT_CONFIRMED
436,NOT_CONFIRMED
437,NOT_CONFIRMED
438,NOT_CONFIRMED
439,NOT_CONFIRMED
44,NOT_CONFIRMED
440,NOT_CONFIRMED
441,NOT_CONFIRMED
442,NOT_CONFIRMED
443,NOT_CONFIRMED
444,NOT_CONFIRMED
445,NOT_CONFIRMED
446,NOT_CONFIRMED
447,NOT_CONFIRMED
448,NOT_CONFIRMED
449,NOT_CONFIRMED
45,NOT_CONFIRMED
450,NOT_CONFIRMED
451,NOT_CONFIRMED
452,NOT_CONFIRMED
453,NOT_CONFIRMED
454,NOT_CONFIRMED
455,NOT_CONFIRMED
456,NOT_CONFIRMED
457,NOT_CONFIRMED
458,NOT_CONFIRMED
459,NOT_CONFIRMED
46,NOT_CONFIRMED
460,NOT_CONFIRMED
461,NOT_CONFIRMED
462,NOT_CONFIRMED
463,NOT_CONFIRMED
464,NOT_CONFIRMED
465,NOT_CONFIRMED
466,NOT_CONFIRMED
467,NOT_CONFIRMED
468,NOT_CONFIRMED
469,NOT_CONFIRMED
47,NOT_CONFIRMED
470,NOT_CONFIRMED
471,NOT_CONFIRMED
472,NOT_CONFIRMED
473,NOT_CONFIRMED
474,NOT_CONFIRMED
475,NOT_CONFIRMED
476,NOT_CONFIRMED
477,NOT_CONFIRMED
478,NOT_CONFIRMED
479,NOT_CONFIRMED
48,NOT_CONFIRMED
480,NOT_CONFIRMED
481,NOT_CONFIRMED
482,NOT_CONFIRMED
483,NOT_CONFIRMED
484,NOT_CONFIRMED
485,NOT_CONFIRMED
486,NOT_CONFIRMED
487,NOT_CONFIRMED
488,NOT_CONFIRMED
489,NOT_CONFIRMED
49,NOT_CONFIRMED
490,NOT_CONFIRMED
491,NOT_CONFIRMED
492,NOT_CONFIRMED
493,NOT_CONFIRMED
494,NOT_CONFIRMED
495,NOT_CONFIRMED
496,NOT_CONFIRMED
497,NOT_CONFIRMED
498,NOT_CONFIRMED
499,NOT_CONFIRMED
5,NOT_CONFIRMED
50,NOT_CONFIRMED
500,NOT_CONFIRMED
501,NOT_CONFIRMED
502,NOT_CONFIRMED
503,NOT_CONFIRMED
504,NOT_CONFIRMED
505,NOT_CONFIRMED
506,NOT_CONFIRMED
507,NOT_CONFIRMED
508,NOT_CONFIRMED
509,NOT_CONFIRMED
51,NOT_CONFIRMED
510,NOT_CONFIRMED
511,NOT_CONFIRMED
512,NOT_CONFIRMED
513,NOT_CONFIRMED
514,NOT_CONFIRMED
515,NOT_CONFIRMED
516,NOT_CONFIRMED
517,NOT_CONFIRMED
518,NOT_CONFIRMED
519,NOT_CONFIRMED
52,NOT_CONFIRMED
520,NOT_CONFIRMED
521,NOT_CONFIRMED
522,NOT_CONFIRMED
523,NOT_CONFIRMED
524,NOT_CONFIRMED
525,NOT_CONFIRMED
526,NOT_CONFIRMED
527,NOT_CONFIRMED
528,NOT_CONFIRMED
529,NOT_CONFIRMED
53,NOT_CONFIRMED
530,NOT_CONFIRMED
531,NOT_CONFIRMED
532,NOT_CONFIRMED
533,NOT_CONFIRMED
534,NOT_CONFIRMED
535,NOT_CONFIRMED
536,NOT_CONFIRMED
537,NOT_CONFIRMED
538,NOT_CONFIRMED
539,NOT_CONFIRMED
54,NOT_CONFIRMED
540,NOT_CONFIRMED
541,NOT_CONFIRMED
542,NOT_CONFIRMED
543,NOT_CONFIRMED
544,NOT_CONFIRMED
545,NOT_CONFIRMED
546,NOT_CONFIRMED
547,NOT_CONFIRMED
548,NOT_CONFIRMED
549,NOT_CONFIRMED
55,NOT_CONFIRMED
550,NOT_CONFIRMED
551,NOT_CONFIRMED
552,NOT_CONFIRMED
553,NOT_CONFIRMED
554,NOT_CONFIRMED
555,NOT_CONFIRMED
556,NOT_CONFIRMED
557,NOT_CONFIRMED
558,NOT_CONFIRMED
559,NOT_CONFIRMED
56,NOT_CONFIRMED
560,NOT_CONFIRMED
561,NOT_CONFIRMED
562,NOT_CONFIRMED
563,NOT_CONFIRMED
564,NOT_CONFIRMED
565,NOT_CONFIRMED
566,NOT_CONFIRMED
567,NOT_CONFIRMED
568,NOT_CONFIRMED
569,NOT_CONFIRMED
57,NOT_CONFIRMED
570,NOT_CONFIRMED
571,NOT_CONFIRMED
572,NOT_CONFIRMED
573,NOT_CONFIRMED
574,NOT_CONFIRMED
575,NOT_CONFIRMED
576,NOT_CONFIRMED
577,NOT_CONFIRMED
578,NOT_CONFIRMED
579,NOT_CONFIRMED
58,NOT_CONFIRMED
580,NOT_CONFIRMED
581,NOT_CONFIRMED
582,NOT_CONFIRMED
583,NOT_CONFIRMED
584,NOT_CONFIRMED
585,NOT_CONFIRMED
586,NOT_CONFIRMED
587,NOT_CONFIRMED
588,NOT_CONFIRMED
589,NOT_CONFIRMED
59,NOT_CONFIRMED
590,NOT_CONFIRMED
591,NOT_CONFIRMED
592,NOT_CONFIRMED
593,NOT_CONFIRMED
594,NOT_CONFIRMED
595,NOT_CONFIRMED
596,NOT_CONFIRMED
597,NOT_CONFIRMED
598,NOT_CONFIRMED
599,NOT_CONFIRMED
6,NOT_CONFIRMED
60,NOT_CONFIRMED
600,NOT_CONFIRMED
601,NOT_CONFIRMED
602,NOT_CONFIRMED
603,NOT_CONFIRMED
604,NOT_CONFIRMED
605,NOT_CONFIRMED
606,NOT_CONFIRMED
607,NOT_CONFIRMED
608,NOT_CONFIRMED
609,NOT_CONFIRMED
61,NOT_CONFIRMED
610,NOT_CONFIRMED
611,NOT_CONFIRMED
612,NOT_CONFIRMED
613,NOT_CONFIRMED
614,NOT_CONFIRMED
615,NOT_CONFIRMED
616,NOT_CONFIRMED
617,NOT_CONFIRMED
618,NOT_CONFIRMED
619,NOT_CONFIRMED
62,NOT_CONFIRMED
620,NOT_CONFIRMED
621,NOT_CONFIRMED
622,NOT_CONFIRMED
623,NOT_CONFIRMED
624,NOT_CONFIRMED
625,NOT_CONFIRMED
626,NOT_CONFIRMED
627,NOT_CONFIRMED
628,NOT_CONFIRMED
629,NOT_CONFIRMED
63,NOT_CONFIRMED
630,NOT_CONFIRMED
631,NOT_CONFIRMED
632,NOT_CONFIRMED
633,NOT_CONFIRMED
634,NOT_CONFIRMED
635,NOT_CONFIRMED
636,NOT_CONFIRMED
637,NOT_CONFIRMED
638,NOT_CONFIRMED
639,NOT_CONFIRMED
64,NOT_CONFIRMED
640,NOT_CONFIRMED
641,NOT_CONFIRMED
642,NOT_CONFIRMED
643,NOT_CONFIRMED
644,NOT_CONFIRMED
645,NOT_CONFIRMED
646,NOT_CONFIRMED
647,NOT_CONFIRMED
648,NOT_CONFIRMED
649,NOT_CONFIRMED
65,NOT_CONFIRMED
650,NOT_CONFIRMED
651,NOT_CONFIRMED
652,NOT_CONFIRMED
653,NOT_CONFIRMED
654,NOT_CONFIRMED
655,NOT_CONFIRMED
656,NOT_CONFIRMED
657,NOT_CONFIRMED
658,NOT_CONFIRMED
659,NOT_CONFIRMED
66,NOT_CONFIRMED
660,NOT_CONFIRMED
661,NOT_CONFIRMED
662,NOT_CONFIRMED
663,NOT_CONFIRMED
664,NOT_CONFIRMED
665,NOT_CONFIRMED
666,NOT_CONFIRMED
667,NOT_CONFIRMED
668,NOT_CONFIRMED
669,NOT_CONFIRMED
67,NOT_CONFIRMED
670,NOT_CONFIRMED
671,NOT_CONFIRMED
672,NOT_CONFIRMED
673,NOT_CONFIRMED
674,NOT_CONFIRMED
675,NOT_CONFIRMED
676,NOT_CONFIRMED
677,NOT_CONFIRMED
678,NOT_CONFIRMED
679,NOT_CONFIRMED
68,NOT_CONFIRMED
680,NOT_CONFIRMED
681,NOT_CONFIRMED
682,NOT_CONFIRMED
683,NOT_CONFIRMED
684,NOT_CONFIRMED
685,NOT_CONFIRMED
686,NOT_CONFIRMED
687,NOT_CONFIRMED
688,NOT_CONFIRMED
689,NOT_CONFIRMED
69,NOT_CONFIRMED
690,NOT_CONFIRMED
691,NOT_CONFIRMED
692,NOT_CONFIRMED
693,NOT_CONFIRMED
694,NOT_CONFIRMED
695,NOT_CONFIRMED
696,NOT_CONFIRMED
697,NOT_CONFIRMED
698,NOT_CONFIRMED
699,NOT_CONFIRMED
7,NOT_CONFIRMED
70,NOT_CONFIRMED
700,NOT_CONFIRMED
701,NOT_CONFIRMED
702,NOT_CONFIRMED
703,NOT_CONFIRMED
704,NOT_CONFIRMED
705,NOT_CONFIRMED
706,NOT_CONFIRMED
707,NOT_CONFIRMED
708,NOT_CONFIRMED
709,NOT_CONFIRMED
71,NOT_CONFIRMED
710,NOT_CONFIRMED
711,NOT_CONFIRMED
712,NOT_CONFIRMED
713,NOT_CONFIRMED
714,NOT_CONFIRMED
715,NOT_CONFIRMED
716,NOT_CONFIRMED
717,NOT_CONFIRMED
718,NOT_CONFIRMED
719,NOT_CONFIRMED
72,NOT_CONFIRMED
720,NOT_CONFIRMED
721,NOT_CONFIRMED
722,NOT_CONFIRMED
723,NOT_CONFIRMED
724,NOT_CONFIRMED
725,NOT_CONFIRMED
726,NOT_CONFIRMED
727,NOT_CONFIRMED
728,NOT_CONFIRMED
729,NOT_CONFIRMED
73,NOT_CONFIRMED
730,NOT_CONFIRMED
731,NOT_CONFIRMED
732,NOT_CONFIRMED
733,NOT_CONFIRMED
734,NOT_CONFIRMED
735,NOT_CONFIRMED
736,NOT_CONFIRMED
737,NOT_CONFIRMED
738,NOT_CONFIRMED
739,NOT_CONFIRMED
74,NOT_CONFIRMED
740,NOT_CONFIRMED
741,NOT_CONFIRMED
742,NOT_CONFIRMED
743,NOT_CONFIRMED
744,NOT_CONFIRMED
745,NOT_CONFIRMED
746,NOT_CONFIRMED
747,NOT_CONFIRMED
748,NOT_CONFIRMED
749,NOT_CONFIRMED
75,NOT_CONFIRMED
750,NOT_CONFIRMED
751,NOT_CONFIRMED
752,NOT_CONFIRMED
753,NOT_CONFIRMED
754,NOT_CONFIRMED
755,NOT_CONFIRMED
756,NOT_CONFIRMED
757,NOT_CONFIRMED
758,NOT_CONFIRMED
759,NOT_CONFIRMED
76,NOT_CONFIRMED
760,NOT_CONFIRMED
761,NOT_CONFIRMED
762,NOT_CONFIRMED
763,NOT_CONFIRMED
764,NOT_CONFIRMED
765,NOT_CONFIRMED
766,NOT_CONFIRMED
767,NOT_CONFIRMED
768,NOT_CONFIRMED
769,NOT_CONFIRMED
77,NOT_CONFIRMED
770,NOT_CONFIRMED
771,NOT_CONFIRMED
772,NOT_CONFIRMED
773,NOT_CONFIRMED
774,NOT_CONFIRMED
775,NOT_CONFIRMED
776,NOT_CONFIRMED
777,NOT_CONFIRMED
778,NOT_CONFIRMED
779,NOT_CONFIRMED
78,NOT_CONFIRMED
780,NOT_CONFIRMED
781,NOT_CONFIRMED
782,NOT_CONFIRMED
783,NOT_CONFIRMED
784,NOT_CONFIRMED
785,NOT_CONFIRMED
786,NOT_CONFIRMED
787,NOT_CONFIRMED
788,NOT_CONFIRMED
789,NOT_CONFIRMED
79,NOT_CONFIRMED
790,NOT_CONFIRMED
791,NOT_CONFIRMED
792,NOT_CONFIRMED
793,NOT_CONFIRMED
794,TCE_CONFIRMED
795,NOT_CONFIRMED
796,NOT_CONFIRMED
797,NOT_CONFIRMED
798,NOT_CONFIRMED
799,NOT_CONFIRMED
8,NOT_CONFIRMED
80,NOT_CONFIRMED
800,NOT_CONFIRMED
801,NOT_CONFIRMED
802,NOT_CONFIRMED
803,NOT_CONFIRMED
804,NOT_CONFIRMED
805,NOT_CONFIRMED
806,NOT_CONFIRMED
807,NOT_CONFIRMED
808,NOT_CONFIRMED
809,NOT_CONFIRMED
81,NOT_CONFIRMED
810,NOT_CONFIRMED
811,NOT_CONFIRMED
812,NOT_CONFIRMED
813,NOT_CONFIRMED
814,NOT_CONFIRMED
815,NOT_CONFIRMED
816,NOT_CONFIRMED
817,NOT_CONFIRMED
818,NOT_CONFIRMED
819,NOT_CONFIRMED
82,NOT_CONFIRMED
820,NOT_CONFIRMED
821,NOT_CONFIRMED
822,NOT_CONFIRMED
823,NOT_CONFIRMED
824,NOT_CONFIRMED
825,NOT_CONFIRMED
826,NOT_CONFIRMED
827,NOT_CONFIRMED
828,NOT_CONFIRMED
829,NOT_CONFIRMED
83,NOT_CONFIRMED
830,NOT_CONFIRMED
831,NOT_CONFIRMED
832,NOT_CONFIRMED
833,NOT_CONFIRMED
834,NOT_CONFIRMED
835,NOT_CONFIRMED
836,NOT_CONFIRMED
837,NOT_CONFIRMED
838,NOT_CONFIRMED
839,NOT_CONFIRMED
84,NOT_CONFIRMED
840,NOT_CONFIRMED
841,NOT_CONFIRMED
842,NOT_CONFIRMED
843,NOT_CONFIRMED
844,NOT_CONFIRMED
845,NOT_CONFIRMED
846,NOT_CONFIRMED
847,NOT_CONFIRMED
848,NOT_CONFIRMED
849,NOT_CONFIRMED
85,NOT_CONFIRMED
850,NOT_CONFIRMED
851,NOT_CONFIRMED
852,NOT_CONFIRMED
853,NOT_CONFIRMED
854,NOT_CONFIRMED
855,NOT_CONFIRMED
856,NOT_CONFIRMED
857,NOT_CONFIRMED
858,NOT_CONFIRMED
859,NOT_CONFIRMED
86,NOT_CONFIRMED
860,NOT_CONFIRMED
861,NOT_CONFIRMED
862,NOT_CONFIRMED
863,NOT_CONFIRMED
864,NOT_CONFIRMED
865,NOT_CONFIRMED
866,NOT_CONFIRMED
867,NOT_CONFIRMED
868,NOT_CONFIRMED
869,NOT_CONFIRMED
87,NOT_CONFIRMED
870,NOT_CONFIRMED
871,NOT_CONFIRMED
872,NOT_CONFIRMED
873,NOT_CONFIRMED
874,NOT_CONFIRMED
875,NOT_CONFIRMED
876,NOT_CONFIRMED
877,NOT_CONFIRMED
878,NOT_CONFIRMED
879,NOT_CONFIRMED
88,NOT_CONFIRMED
880,NOT_CONFIRMED
881,NOT_CONFIRMED
882,NOT_CONFIRMED
883,NOT_CONFIRMED
884,NOT_CONFIRMED
885,NOT_CONFIRMED
886,NOT_CONFIRMED
887,NOT_CONFIRMED
888,NOT_CONFIRMED
889,NOT_CONFIRMED
89,NOT_CONFIRMED
890,NOT_CONFIRMED
891,NOT_CONFIRMED
892,NOT_CONFIRMED
893,NOT_CONFIRMED
894,NOT_CONFIRMED
895,NOT_CONFIRMED
896,NOT_CONFIRMED
897,NOT_CONFIRMED
898,NOT_CONFIRMED
899,NOT_CONFIRMED
9,NOT_CONFIRMED
90,NOT_CONFIRMED
900,NOT_CONFIRMED
901,NOT_CONFIRMED
902,NOT_CONFIRMED
903,NOT_CONFIRMED
904,NOT_CONFIRMED
905,NOT_CONFIRMED
906,NOT_CONFIRMED
907,NOT_CONFIRMED
908,NOT_CONFIRMED
909,NOT_CONFIRMED
91,NOT_CONFIRMED
910,NOT_CONFIRMED
911,NOT_CONFIRMED
912,NOT_CONFIRMED
913,NOT_CONFIRMED
914,NOT_CONFIRMED
915,NOT_CONFIRMED
916,NOT_CONFIRMED
917,NOT_CONFIRMED
918,NOT_CONFIRMED
919,NOT_CONFIRMED
92,NOT_CONFIRMED
920,NOT_CONFIRMED
921,NOT_CONFIRMED
922,NOT_CONFIRMED
923,NOT_CONFIRMED
924,NOT_CONFIRMED
925,NOT_CONFIRMED
926,NOT_CONFIRMED
927,NOT_CONFIRMED
928,NOT_CONFIRMED
929,NOT_CONFIRMED
93,NOT_CONFIRMED
930,NOT_CONFIRMED
931,NOT_CONFIRMED
932,NOT_CONFIRMED
933,NOT_CONFIRMED
934,NOT_CONFIRMED
935,NOT_CONFIRMED
936,NOT_CONFIRMED
937,NOT_CONFIRMED
938,NOT_CONFIRMED
939,NOT_CONFIRMED
94,NOT_CONFIRMED
940,NOT_CONFIRMED
941,NOT_CONFIRMED
95,NOT_CONFIRMED
96,NOT_CONFIRMED
97,NOT_CONFIRMED
98,NOT_CONFIRMED
99,NOT_CONFIRMED
