TestNo,TestName
1,org.apache.commons.lang3.ArrayUtilsRemoveTest
2,org.apache.commons.lang3.ArrayUtilsAddTest
3,org.apache.commons.lang3.StringUtilsSubstringTest
4,org.apache.commons.lang3.CharSetUtilsTest
5,org.apache.commons.lang3.reflect.ConstructorUtilsTest
6,org.apache.commons.lang3.builder.ReflectionToStringBuilderExcludeTest
7,org.apache.commons.lang3.reflect.MethodUtilsTest
8,org.apache.commons.lang3.CharSetTest
9,org.apache.commons.lang3.CharEncodingTest
10,org.apache.commons.lang3.StringUtilsEqualsIndexOfTest
11,org.apache.commons.lang3.reflect.FieldUtilsTest
12,org.apache.commons.lang3.ValidateTest
13,org.apache.commons.lang3.BooleanUtilsTest
14,org.apache.commons.lang3.ClassUtilsTest
15,org.apache.commons.lang3.text.StrBuilderTest
16,org.apache.commons.lang3.text.StrTokenizerTest
17,org.apache.commons.lang3.exception.ExceptionUtilsTest
18,org.apache.commons.lang3.ArrayUtilsTest
19,org.apache.commons.lang3.StringUtilsTest
20,org.apache.commons.lang3.StringEscapeUtilsTest
